<?xml version="1.0" encoding="utf-8"?>
<RelativeLayout xmlns:android="http://schemas.android.com/apk/res/android"
    xmlns:app="http://schemas.android.com/apk/res-auto"
    xmlns:tools="http://schemas.android.com/tools"
    android:layout_width="match_parent"
    android:layout_height="match_parent"
    android:background="#1B1A1A"
    tools:context=".MainPage_2">


    <TextView
        android:layout_width="wrap_content"
        android:layout_height="wrap_content"
        android:text="Index"
        android:layout_centerHorizontal="true"
        android:layout_marginTop="30dp"
        android:textColor="#DEFFFFFF"
        android:textSize="26dp"
        >

    </TextView>


    <EditText
        android:background="@drawable/rounded_corners"
        android:layout_width="380dp"
        android:layout_height="40dp"
        android:text="    Search for your tasks ..."
        android:layout_centerHorizontal="true"
        android:layout_marginTop="90dp"
        android:textColor="#DEFFFFFF"
        android:textSize="20dp"
        >

    </EditText>



    <ImageView
        android:layout_width="40dp"
        android:layout_height="40dp"
        android:src="@drawable/img"
        android:layout_marginTop="30dp"
        android:layout_marginStart="340dp"
        >

    </ImageView>

    <RelativeLayout
        android:layout_width="80dp"
        android:layout_height="30dp"
        android:background="@drawable/rounded_corners"
        android:layout_marginStart="20dp"
        android:layout_marginTop="170dp"
        >


        <TextView
            android:layout_width="wrap_content"
            android:layout_height="wrap_content"
            android:text="Today"
            android:textColor="@color/white"
            android:layout_marginTop="5dp"
            android:layout_marginStart="5dp"
            >


        </TextView>

        <ImageView
            android:layout_width="wrap_content"
            android:layout_height="wrap_content"
            android:src="@drawable/outline_keyboard_arrow_down_24"
            android:layout_marginTop="3dp"
            android:layout_marginStart="50dp"
            >

        </ImageView>

    </RelativeLayout>

    <androidx.recyclerview.widget.RecyclerView
        android:layout_width="match_parent"
        android:layout_height="wrap_content"
        android:id="@+id/recyclerView"
        android:layout_marginTop="210dp"
        >

    </androidx.recyclerview.widget.RecyclerView>





    <RelativeLayout
        android:layout_width="110dp"
        android:layout_height="30dp"
        android:background="@drawable/rounded_corners"
        android:layout_marginStart="20dp"
        android:layout_marginTop="480dp"
        >


        <TextView
            android:layout_width="wrap_content"
            android:layout_height="wrap_content"
            android:text="Completed"
            android:textColor="@color/white"
            android:layout_marginTop="5dp"
            android:layout_marginStart="5dp"
            >


        </TextView>

        <ImageView
            android:layout_width="wrap_content"
            android:layout_height="wrap_content"
            android:src="@drawable/outline_keyboard_arrow_down_24"
            android:layout_marginTop="3dp"
            android:layout_marginStart="80dp"
            >

        </ImageView>

    </RelativeLayout>







    <androidx.recyclerview.widget.RecyclerView
        android:layout_width="match_parent"
        android:layout_height="wrap_content"
        android:id="@+id/recyclerView2"
        android:layout_marginTop="520dp"
        >

    </androidx.recyclerview.widget.RecyclerView>



    
</RelativeLayout>