<?xml version="1.0" encoding="utf-8"?>
<RelativeLayout xmlns:android="http://schemas.android.com/apk/res/android"
    xmlns:app="http://schemas.android.com/apk/res-auto"
    xmlns:tools="http://schemas.android.com/tools"
    android:background="#1B1A1A"
    android:layout_width="match_parent"
    android:layout_height="match_parent"
    tools:context=".AddTask_Priority">





    <RelativeLayout
        android:layout_width="390dp"
        android:layout_height="300dp"
        android:background="@drawable/rounded_corners"
        android:layout_centerHorizontal="true"
        android:layout_centerVertical="true"
        >


        <TextView
            android:layout_width="wrap_content"
            android:layout_height="wrap_content"
            android:layout_marginTop="14dp"
            android:textSize="18dp"
            android:text="Task Priority"
            android:textColor="@color/white"
            android:layout_centerHorizontal="true"
            >

        </TextView>

        <RelativeLayout
            android:layout_width="370dp"
            android:layout_height="2dp"
            android:background="#979797"
            android:layout_centerHorizontal="true"
            android:layout_marginTop="42dp"

            >

        </RelativeLayout>


        <RelativeLayout
            android:id="@+id/priority1"
            android:layout_width="80dp"
            android:layout_height="80dp"
            android:background="@drawable/purple_rounded"
            android:layout_marginStart="50dp"
            android:layout_marginTop="100dp"
            >

            <ImageView
                android:layout_width="wrap_content"
                android:layout_height="wrap_content"
                android:src="@drawable/outline_flag_24"
                android:layout_centerHorizontal="true"
                android:layout_marginTop="15dp"
                >
            </ImageView>

            <TextView
                android:layout_width="wrap_content"
                android:layout_height="wrap_content"
                android:text="1"
                android:textColor="@color/white"
                android:layout_centerHorizontal="true"
                android:layout_marginTop="40dp"
                android:textSize="18dp"
                >

            </TextView>


        </RelativeLayout>



        <RelativeLayout
            android:id="@+id/priority2"
            android:layout_width="80dp"
            android:layout_height="80dp"
            android:background="@drawable/black_rounded"
            android:layout_marginStart="160dp"
            android:layout_marginTop="100dp"
            >

            <ImageView
                android:layout_width="wrap_content"
                android:layout_height="wrap_content"
                android:src="@drawable/outline_flag_24"
                android:layout_centerHorizontal="true"
                android:layout_marginTop="15dp"
                >
            </ImageView>

            <TextView
                android:layout_width="wrap_content"
                android:layout_height="wrap_content"
                android:text="2"
                android:textColor="@color/white"
                android:layout_centerHorizontal="true"
                android:layout_marginTop="40dp"
                android:textSize="18dp"
                >

            </TextView>


        </RelativeLayout>


        <RelativeLayout
            android:id="@+id/priority3"
            android:layout_width="80dp"
            android:layout_height="80dp"
            android:background="@drawable/black_rounded"
            android:layout_marginStart="270dp"
            android:layout_marginTop="100dp"
            >

            <ImageView
                android:layout_width="wrap_content"
                android:layout_height="wrap_content"
                android:src="@drawable/outline_flag_24"
                android:layout_centerHorizontal="true"
                android:layout_marginTop="15dp"
                >
            </ImageView>

            <TextView
                android:layout_width="wrap_content"
                android:layout_height="wrap_content"
                android:text="3"
                android:textColor="@color/white"
                android:layout_centerHorizontal="true"
                android:layout_marginTop="40dp"
                android:textSize="18dp"
                >

            </TextView>


        </RelativeLayout>








        <TextView
            android:layout_width="wrap_content"
            android:layout_height="wrap_content"
            android:layout_marginStart="60dp"
            android:layout_marginTop="230dp"
            android:text="Cancel"
            android:textColor="#8875FF"
            android:textSize="18dp">

        </TextView>

        <Button
            android:layout_width="150dp"
            android:layout_height="50dp"
            android:layout_marginStart="200dp"
            android:layout_marginTop="215dp"
            android:background="@drawable/button_purplerounded"
            android:text="Save"
            android:textColor="@color/white"
            android:id="@+id/save"
            >

        </Button>


    </RelativeLayout>






</RelativeLayout>