<?xml version="1.0" encoding="utf-8"?>
<RelativeLayout xmlns:android="http://schemas.android.com/apk/res/android"
    xmlns:app="http://schemas.android.com/apk/res-auto"
    xmlns:tools="http://schemas.android.com/tools"
    android:layout_width="match_parent"
    android:layout_height="match_parent"
    android:background="#1B1A1A"
    tools:context=".Review_User">




    <RelativeLayout
        android:id="@+id/upper"
        android:layout_width="match_parent"
        android:layout_height="280dp"
        android:background="@drawable/rounded_corners">


        <TextView
            android:id="@+id/textName"
            android:layout_width="match_parent"
            android:layout_height="118dp"
            android:layout_marginTop="50dp"
            android:padding="20dp"
            android:text="Share Your Thoughts ..."
            android:textColor="@color/white"
            android:textSize="30dp"
            android:textStyle="bold">

        </TextView>







        <RelativeLayout
            android:layout_width="match_parent"
            android:layout_height="2dp"
            android:layout_marginTop="160dp"
            android:background="@color/white">

        </RelativeLayout>


        <TextView
            android:id="@+id/rev"
            android:layout_width="wrap_content"
            android:layout_height="wrap_content"
            android:layout_marginTop="180dp"
            android:padding="15dp"
            android:text="Help us improve out app , by dropping us a Review"
            android:textColor="@color/white"
            android:textSize="24dp">

        </TextView>




    </RelativeLayout>

    <RelativeLayout
        android:layout_width="match_parent"
        android:layout_height="505dp"
        android:background="#0081E3D3"
        android:layout_alignParentBottom="true"
        >

        <RelativeLayout
            android:layout_width="360dp"
            android:layout_height="160dp"
            android:background="#8875FF"
            android:layout_marginStart="26.5dp"
            >

        </RelativeLayout>

        <EditText
            android:id="@+id/review"
            android:layout_marginTop="5dp"
            android:layout_width="350dp"
            android:layout_height="150dp"
            android:background="@drawable/white_roundedcorner"
            android:padding="20dp"
            android:layout_centerHorizontal="true"
            android:hint="Type Your Experience ......"
            >

        </EditText>





        <Button
            android:id="@+id/submit"
            android:layout_width="300dp"
            android:layout_height="wrap_content"
            android:layout_centerHorizontal="true"
            android:layout_marginTop="400dp"
            android:background="@drawable/purple_rounded"
            android:textColor="@color/white"
            android:text="Submit Feedback"
            android:textStyle="bold"
            android:textSize="18dp"
            >


        </Button>

    </RelativeLayout>

</RelativeLayout>

