<?xml version="1.0" encoding="utf-8"?>
<RelativeLayout xmlns:android="http://schemas.android.com/apk/res/android"
    xmlns:app="http://schemas.android.com/apk/res-auto"
    xmlns:tools="http://schemas.android.com/tools"
    android:layout_width="match_parent"
    android:layout_height="match_parent"
    android:background="#1B1A1A"
    tools:context=".AddTask_time">


    <RelativeLayout
        android:layout_width="390dp"
        android:layout_height="300dp"
        android:background="@drawable/rounded_corners"
        android:layout_centerHorizontal="true"
        android:layout_centerVertical="true"
        >


        <TextView
            android:layout_width="wrap_content"
            android:layout_height="wrap_content"
            android:layout_marginTop="14dp"
            android:textSize="18dp"
            android:text="Choose Time"
            android:textColor="@color/white"
            android:layout_centerHorizontal="true"
            >

        </TextView>

        <RelativeLayout
            android:layout_width="370dp"
            android:layout_height="2dp"
            android:background="#979797"
            android:layout_centerHorizontal="true"
            android:layout_marginTop="42dp"

            >

        </RelativeLayout>



        <EditText
            android:layout_width="80dp"
            android:layout_height="90dp"
            android:layout_marginStart="40dp"
            android:layout_marginTop="80dp"
            android:background="@drawable/black_rounded"
            android:text=" 08"
            android:textColor="@color/white"
            android:textSize="50dp"
            android:id="@+id/time_hour"
            >

        </EditText>

        <TextView
            android:layout_width="wrap_content"
            android:layout_height="wrap_content"
            android:layout_marginStart="145dp"
            android:layout_marginTop="90dp"
            android:text=":"
            android:textSize="50dp"
            android:textColor="@color/white"
            >

        </TextView>



        <EditText
            android:layout_width="80dp"
            android:layout_height="90dp"
            android:layout_marginStart="180dp"
            android:layout_marginTop="80dp"
            android:background="@drawable/black_rounded"
            android:text=" 23"
            android:textColor="@color/white"
            android:textSize="50dp"
            android:id="@+id/time_minute"
            >

        </EditText>



        <EditText
            android:layout_width="80dp"
            android:layout_height="90dp"
            android:layout_marginStart="280dp"
            android:layout_marginTop="80dp"
            android:background="@drawable/black_rounded"
            android:text="AM"
            android:textColor="@color/white"
            android:textSize="50dp"
            android:id="@+id/time_type"
            >

        </EditText>




        <TextView
            android:layout_width="wrap_content"
            android:layout_height="wrap_content"
            android:layout_marginStart="60dp"
            android:layout_marginTop="230dp"
            android:text="Cancel"
            android:textColor="#8875FF"
            android:textSize="18dp">

        </TextView>

        <Button
            android:layout_width="150dp"
            android:layout_height="50dp"
            android:layout_marginStart="200dp"
            android:layout_marginTop="215dp"
            android:background="@drawable/button_purplerounded"
            android:text="Save"
            android:textColor="@color/white"
            android:id="@+id/save"
            >

        </Button>


    </RelativeLayout>

</RelativeLayout>