<?xml version="1.0" encoding="utf-8"?>
<RelativeLayout xmlns:android="http://schemas.android.com/apk/res/android"
    xmlns:app="http://schemas.android.com/apk/res-auto"
    xmlns:tools="http://schemas.android.com/tools"
    android:background="#1B1A1A"
    android:layout_width="match_parent"
    android:layout_height="match_parent"
    tools:context=".AddTask_guest">

    <RelativeLayout
        android:layout_width="300dp"
        android:layout_height="270dp"
        android:background="@drawable/rounded_corners"
        android:layout_centerHorizontal="true"
        android:layout_centerVertical="true"
        >

        <TextView
            android:layout_width="wrap_content"
            android:layout_height="wrap_content"
            android:layout_marginTop="14dp"
            android:textSize="16dp"
            android:text="Add Task"
            android:textColor="@color/white"
            android:layout_centerHorizontal="true"
            >

        </TextView>

        <RelativeLayout
            android:layout_width="280dp"
            android:layout_height="2dp"
            android:background="#979797"
            android:layout_centerHorizontal="true"
            android:layout_marginTop="42dp"

            >

        </RelativeLayout>

        <RelativeLayout
            android:layout_width="match_parent"
            android:layout_height="wrap_content">

            <TextView
                android:layout_width="wrap_content"
                android:layout_height="wrap_content"
                android:text="Title"
                android:textColor="#AFAFAF"
                android:layout_marginTop="55dp"
                android:layout_marginStart="25dp"
                android:id="@+id/t1"

                >

            </TextView>

            <EditText
                android:layout_width="250dp"
                android:layout_height="35dp"
                android:layout_marginTop="80dp"
                android:layout_centerHorizontal="true"
                android:background="@drawable/white_roundedcorner"
                android:id="@+id/title"
                >

            </EditText>



        </RelativeLayout>
        <RelativeLayout
            android:layout_width="match_parent"
            android:layout_height="wrap_content"
            android:layout_marginTop="70dp"
            >

            <TextView
                android:layout_width="wrap_content"
                android:layout_height="wrap_content"
                android:text="Description"
                android:textColor="#AFAFAF"
                android:layout_marginTop="55dp"
                android:layout_marginStart="25dp"

                >

            </TextView>

            <EditText
                android:layout_width="250dp"
                android:layout_height="35dp"
                android:layout_marginTop="80dp"
                android:layout_centerHorizontal="true"
                android:background="@drawable/white_roundedcorner"
                android:id="@+id/desc"
                >

            </EditText>



            <ImageView
                android:layout_width="30dp"
                android:layout_height="30dp"
                android:src="@drawable/outline_send_24"
                android:layout_marginTop="140dp"
                android:layout_marginStart="240dp"
                android:id="@+id/submit"
                >

            </ImageView>



        </RelativeLayout>


    </RelativeLayout>



</RelativeLayout>