<?xml version="1.0" encoding="utf-8"?>
<RelativeLayout xmlns:android="http://schemas.android.com/apk/res/android"
    xmlns:app="http://schemas.android.com/apk/res-auto"
    xmlns:tools="http://schemas.android.com/tools"
    android:layout_width="match_parent"
    android:layout_height="wrap_content"
    tools:context=".TaskNotCompleted_Row"
    android:paddingVertical="10dp"
    >


    <RelativeLayout
        android:layout_width="380dp"
        android:layout_height="100dp"
        android:background="@drawable/rounded_corners"
        android:layout_centerHorizontal="true"
        >

        <ImageView
            android:layout_width="wrap_content"
            android:layout_height="wrap_content"
            android:src="@drawable/outline_circle_24_white"
            android:layout_marginTop="40dp"
            android:layout_marginStart="20dp"
            >

        </ImageView>

        <TextView
            android:id="@+id/title"
            android:layout_width="wrap_content"
            android:layout_height="wrap_content"
            android:layout_marginTop="15dp"
            android:layout_marginStart="60dp"
            android:text="Do Math Homework"
            android:textColor="@color/white"
            android:textSize="20dp"
            >

        </TextView>

        <TextView
            android:id="@+id/time"
            android:layout_width="wrap_content"
            android:layout_height="wrap_content"
            android:layout_marginTop="60dp"
            android:layout_marginStart="60dp"
            android:text="Today at 08:37"
            android:textColor="#AFAFAF"
            android:textSize="16dp"
            >

        </TextView>
        
        <RelativeLayout
            android:layout_width="100dp"
            android:layout_height="30dp"
            android:background="@drawable/purple_rounded"
            android:layout_alignParentRight="true"
            android:layout_marginEnd="80dp"
            android:layout_marginTop="55dp"
            >

            <ImageView
                android:layout_width="wrap_content"
                android:layout_height="wrap_content"
                android:src="@drawable/baseline_category_24"
                android:layout_centerVertical="true"
                android:layout_marginStart="10dp"
                >


            </ImageView>


            <TextView
                android:id="@+id/category"
                android:layout_width="wrap_content"
                android:layout_height="wrap_content"
                android:text="Work"
                android:textColor="@color/white"
                android:layout_centerVertical="true"
                android:layout_marginStart="40dp"
                >


            </TextView>



        </RelativeLayout>



        <RelativeLayout
            android:layout_width="60dp"
            android:layout_height="50dp"
            android:background="@drawable/black_rounded"
            android:layout_marginStart="310dp"
            android:layout_marginTop="40dp"
            >

            <ImageView
                android:layout_width="wrap_content"
                android:layout_height="wrap_content"
                android:layout_centerHorizontal="true"
                android:layout_marginTop="5dp"
                android:src="@drawable/outline_flag_24">

            </ImageView>

            <TextView
                android:id="@+id/priority"
                android:layout_width="wrap_content"
                android:layout_height="wrap_content"
                android:text="3"
                android:textColor="@color/white"
                android:layout_centerHorizontal="true"
                android:layout_marginTop="25dp"
                android:textSize="18dp"
                >

            </TextView>


        </RelativeLayout>







    </RelativeLayout>




</RelativeLayout>