<?xml version="1.0" encoding="utf-8"?>
<RelativeLayout xmlns:android="http://schemas.android.com/apk/res/android"
    xmlns:app="http://schemas.android.com/apk/res-auto"
    xmlns:tools="http://schemas.android.com/tools"
    android:layout_width="match_parent"
    android:layout_height="match_parent"
    android:background="#1B1A1A"
    tools:context=".Guest">


    <RelativeLayout
        android:layout_width="match_parent"
        android:layout_height="70dp"
        android:background="#363636"
        android:layout_alignParentBottom="true"
        >

        <ImageView
            android:id="@+id/home"
            android:layout_width="wrap_content"
            android:layout_height="wrap_content"
            android:src="@drawable/outline_home_24"
            android:layout_marginStart="100dp"
            android:layout_marginTop="10dp"
            >

        </ImageView>
        
        <TextView
            android:layout_width="wrap_content"
            android:layout_height="wrap_content"
            android:textColor="@color/white"
            android:text="Home"
            android:layout_marginTop="35dp"
            android:layout_marginStart="95dp"
            >

        </TextView>

        <ImageView
            android:id="@+id/profile"
            android:layout_width="wrap_content"
            android:layout_height="wrap_content"
            android:src="@drawable/outline_person_24"
            android:layout_marginStart="300dp"
            android:layout_marginTop="10dp"
            >

        </ImageView>

        <TextView
            android:layout_width="wrap_content"
            android:layout_height="wrap_content"
            android:textColor="@color/white"
            android:text="Profile"
            android:layout_marginTop="35dp"
            android:layout_marginStart="295dp"
            >

        </TextView>

    </RelativeLayout>

    <com.google.android.material.floatingactionbutton.FloatingActionButton

        app:elevation="8dp"
        android:id="@+id/cam2"
        android:layout_width="56dp"
        android:layout_height="60dp"
        app:maxImageSize="45dp"
        android:layout_marginTop="725dp"
        android:layout_marginStart="180dp"
        app:shapeAppearanceOverlay="@style/RoundedFAB"
        android:src="@drawable/outline_add_24"
        android:backgroundTint="#8687E7"

        >

    </com.google.android.material.floatingactionbutton.FloatingActionButton>

    <TextView
        android:layout_width="wrap_content"
        android:layout_height="wrap_content"
        android:text="Index"
        android:layout_centerHorizontal="true"
        android:layout_marginTop="30dp"
        android:textColor="#DEFFFFFF"
        android:textSize="26dp"
        >

    </TextView>

    <RelativeLayout
        android:layout_width="80dp"
        android:layout_height="30dp"
        android:background="@drawable/rounded_corners"
        android:layout_marginStart="20dp"
        android:layout_marginTop="170dp"
        >


        <TextView
            android:layout_width="wrap_content"
            android:layout_height="wrap_content"
            android:text="Today"
            android:textColor="@color/white"
            android:layout_marginTop="5dp"
            android:layout_marginStart="5dp"
            >


        </TextView>

        <ImageView
            android:layout_width="wrap_content"
            android:layout_height="wrap_content"
            android:src="@drawable/outline_keyboard_arrow_down_24"
            android:layout_marginTop="3dp"
            android:layout_marginStart="50dp"
            >

        </ImageView>

    </RelativeLayout>

    <androidx.recyclerview.widget.RecyclerView
        android:layout_width="match_parent"
        android:layout_height="260dp"
        android:id="@+id/recyclerView"
        android:layout_marginTop="210dp"
        >

    </androidx.recyclerview.widget.RecyclerView>





    <RelativeLayout
        android:layout_width="110dp"
        android:layout_height="30dp"
        android:background="@drawable/rounded_corners"
        android:layout_marginStart="20dp"
        android:layout_marginTop="480dp"
        >


        <TextView
            android:layout_width="wrap_content"
            android:layout_height="wrap_content"
            android:text="Completed"
            android:textColor="@color/white"
            android:layout_marginTop="5dp"
            android:layout_marginStart="5dp"
            >


        </TextView>

        <ImageView
            android:layout_width="wrap_content"
            android:layout_height="wrap_content"
            android:src="@drawable/outline_keyboard_arrow_down_24"
            android:layout_marginTop="3dp"
            android:layout_marginStart="80dp"
            >

        </ImageView>

    </RelativeLayout>







    <androidx.recyclerview.widget.RecyclerView
        android:layout_width="match_parent"
        android:layout_height="220dp"
        android:id="@+id/recyclerView2"
        android:layout_marginTop="520dp"
        >

    </androidx.recyclerview.widget.RecyclerView>




</RelativeLayout>