<?xml version="1.0" encoding="utf-8"?>
<RelativeLayout xmlns:android="http://schemas.android.com/apk/res/android"
    xmlns:app="http://schemas.android.com/apk/res-auto"
    xmlns:tools="http://schemas.android.com/tools"
    android:layout_width="match_parent"
    android:layout_height="match_parent"
    android:background="#1B1A1A"
    tools:context=".Admin">

    <RelativeLayout
        android:layout_width="match_parent"
        android:layout_height="70dp"
        android:background="#363636"
        android:layout_alignParentBottom="true"
        >

        <ImageView
            android:id="@+id/home"
            android:layout_width="wrap_content"
            android:layout_height="wrap_content"
            android:src="@drawable/outline_home_24"
            android:layout_marginStart="100dp"
            android:layout_marginTop="10dp"
            >

        </ImageView>

        <TextView
            android:layout_width="wrap_content"
            android:layout_height="wrap_content"
            android:textColor="@color/white"
            android:text="Home"
            android:layout_marginTop="35dp"
            android:layout_marginStart="95dp"
            >

        </TextView>

        <ImageView
            android:id="@+id/review"
            android:layout_width="wrap_content"
            android:layout_height="wrap_content"
            android:src="@drawable/outline_reviews_24"
            android:layout_marginStart="300dp"
            android:layout_marginTop="10dp"
            >

        </ImageView>

        <TextView
            android:layout_width="wrap_content"
            android:layout_height="wrap_content"
            android:textColor="@color/white"
            android:text="Reviews"
            android:layout_marginTop="35dp"
            android:layout_marginStart="290dp"
            >

        </TextView>

    </RelativeLayout>


    <TextView
        android:layout_width="wrap_content"
        android:layout_height="wrap_content"
        android:text="Index"
        android:layout_centerHorizontal="true"
        android:layout_marginTop="30dp"
        android:textColor="#DEFFFFFF"
        android:textSize="26dp"
        >

    </TextView>

    <RelativeLayout
        android:layout_width="120dp"
        android:layout_height="30dp"
        android:background="@drawable/rounded_corners"
        android:layout_marginStart="20dp"
        android:layout_marginTop="170dp"
        >


        <TextView
            android:layout_width="wrap_content"
            android:layout_height="wrap_content"
            android:text="All Tasks"
            android:textColor="@color/white"
            android:layout_marginTop="5dp"
            android:layout_marginStart="20dp"
            >


        </TextView>

        <ImageView
            android:layout_width="wrap_content"
            android:layout_height="wrap_content"
            android:src="@drawable/outline_keyboard_arrow_down_24"
            android:layout_marginTop="3dp"
            android:layout_marginStart="80dp"
            >

        </ImageView>

    </RelativeLayout>

    <androidx.recyclerview.widget.RecyclerView
        android:layout_width="match_parent"
        android:layout_height="500dp"
        android:id="@+id/recyclerView"
        android:layout_marginTop="240dp"
        >

    </androidx.recyclerview.widget.RecyclerView>














</RelativeLayout>