<?xml version="1.0" encoding="utf-8"?>
<RelativeLayout xmlns:android="http://schemas.android.com/apk/res/android"
    xmlns:app="http://schemas.android.com/apk/res-auto"
    xmlns:tools="http://schemas.android.com/tools"
    android:layout_width="match_parent"
    android:layout_height="match_parent"
    android:background="#1B1A1A"
    tools:context=".EditTask">


    <ImageView
        android:layout_width="wrap_content"
        android:layout_height="wrap_content"
        android:src="@drawable/outline_close_24"
        android:layout_marginStart="30dp"
        android:layout_marginTop="40dp"
        >

    </ImageView>


    <TextView
        android:layout_width="wrap_content"
        android:layout_height="wrap_content"
        android:text="Do Math Homework"
        android:textColor="@color/white"
        android:textSize="22dp"
        android:layout_marginStart="90dp"
        android:layout_marginTop="100dp"
        android:id="@+id/title"

        >

    </TextView>

    <TextView
        android:id="@+id/desc"
        android:layout_width="wrap_content"
        android:layout_height="wrap_content"
        android:text="Do Chapter 2 to 5 for next week"
        android:textColor="#AFAFAF"
        android:textSize="18dp"
        android:layout_marginStart="90dp"
        android:layout_marginTop="140dp"

        >

    </TextView>

    <ImageView
        android:layout_width="wrap_content"
        android:layout_height="wrap_content"
        android:src="@drawable/outline_edit_24"
        android:layout_alignParentRight="true"
        android:layout_marginEnd="40dp"
        android:layout_marginTop="100dp"
        >

    </ImageView>

    <ImageView
        android:layout_width="30dp"
        android:layout_height="30dp"
        android:src="@drawable/outline_circle_24_white"
        android:layout_marginStart="30dp"
        android:layout_marginTop="120dp"
        >

    </ImageView>



    <RelativeLayout
        android:layout_width="match_parent"
        android:layout_height="wrap_content"
        android:layout_marginTop="220dp">

        <ImageView
            android:layout_width="30dp"
            android:layout_height="30dp"
            android:src="@drawable/outline_access_time_24"
            android:layout_marginStart="30dp"
            >

        </ImageView>

        <TextView
            android:layout_width="wrap_content"
            android:layout_height="wrap_content"
            android:textColor="@color/white"
            android:text="Task Time :"
            android:textSize="22dp"
            android:layout_marginStart="70dp"
            >

        </TextView>


        <RelativeLayout
            android:layout_width="90dp"
            android:layout_height="40dp"
            android:layout_alignParentRight="true"
            android:layout_marginEnd="30dp"
            android:background="#363636"
            >

            <TextView
                android:layout_width="wrap_content"
                android:layout_height="wrap_content"
                android:text="At "
                android:layout_marginStart="10dp"
                android:layout_centerVertical="true"
                android:textColor="@color/white">

            </TextView>

            <TextView
                android:id="@+id/hour"
                android:layout_width="wrap_content"
                android:layout_height="wrap_content"
                android:layout_centerInParent="true"
                android:layout_marginStart="30dp"
                android:text="16"
                android:textColor="@color/white">

            </TextView>

            <TextView
                android:layout_width="wrap_content"
                android:layout_height="wrap_content"
                android:layout_centerVertical="true"
                android:layout_marginStart="50dp"
                android:text=":"
                android:textColor="@color/white">

            </TextView>


            <TextView
                android:layout_width="wrap_content"
                android:layout_height="wrap_content"
                android:id="@+id/minute"
                android:layout_centerVertical="true"
                android:layout_marginStart="60dp"
                android:text="45"
                android:textColor="@color/white">

            </TextView>

        </RelativeLayout>


    </RelativeLayout>





    <RelativeLayout
        android:layout_width="match_parent"
        android:layout_height="wrap_content"
        android:layout_marginTop="300dp">

        <ImageView
            android:layout_width="30dp"
            android:layout_height="30dp"
            android:src="@drawable/outline_tag_24"
            android:layout_marginStart="30dp"
            >

        </ImageView>

        <TextView
            android:layout_width="wrap_content"
            android:layout_height="wrap_content"
            android:textColor="@color/white"
            android:text="Task Category :"
            android:textSize="22dp"
            android:layout_marginStart="70dp"
            >

        </TextView>


        <RelativeLayout
            android:layout_width="90dp"
            android:layout_height="40dp"
            android:layout_alignParentRight="true"
            android:layout_marginEnd="30dp"
            android:background="#363636"
            >

            <ImageView
                android:layout_width="wrap_content"
                android:layout_height="wrap_content"
                android:src="@drawable/baseline_category_24"
                android:layout_marginTop="10dp"
                android:layout_marginStart="10dp"
                >

            </ImageView>

            <TextView
                android:id="@+id/category"
                android:layout_width="wrap_content"
                android:layout_height="wrap_content"
                android:layout_marginStart="40dp"
                android:layout_marginTop="10dp"
                android:text="Work"
                android:textColor="@color/white">

            </TextView>

        </RelativeLayout>


    </RelativeLayout>








    <RelativeLayout
        android:layout_width="match_parent"
        android:layout_height="wrap_content"
        android:layout_marginTop="380dp">

        <ImageView
            android:layout_width="30dp"
            android:layout_height="30dp"
            android:src="@drawable/outline_flag_24"
            android:layout_marginStart="30dp"
            >

        </ImageView>

        <TextView
            android:layout_width="wrap_content"
            android:layout_height="wrap_content"
            android:textColor="@color/white"
            android:text="Task Priority :"
            android:textSize="22dp"
            android:layout_marginStart="70dp"
            >

        </TextView>


        <RelativeLayout
            android:layout_width="40dp"
            android:layout_height="40dp"
            android:layout_alignParentRight="true"
            android:layout_marginEnd="50dp"
            android:background="#363636"
            >


            <TextView
                android:id="@+id/priority"
                android:layout_width="wrap_content"
                android:layout_height="wrap_content"
                android:layout_centerInParent="true"
                android:text="1"
                android:textColor="@color/white">

            </TextView>

        </RelativeLayout>


    </RelativeLayout>


    <RelativeLayout
        android:layout_width="match_parent"
        android:layout_height="wrap_content"
        android:layout_marginTop="450dp"
        android:layout_marginStart="20dp">

        <ImageView
            android:layout_width="30dp"
            android:layout_height="30dp"
            android:src="@drawable/outline_delete_24"
            android:layout_marginStart="10dp"
            >

        </ImageView>

        <TextView
            android:layout_width="wrap_content"
            android:layout_height="wrap_content"
            android:textColor="#F44336"
            android:text="Delete Task"
            android:textSize="20dp"
            android:layout_marginStart="50dp"
            android:id="@+id/delete"
            >

        </TextView>

    </RelativeLayout>


    <Button
        android:layout_width="350dp"
        android:layout_height="wrap_content"
        android:background="@drawable/button_purplerounded"
        android:layout_centerHorizontal="true"
        android:layout_marginTop="700dp"
        android:text="Mark as Done"
        android:textColor="@color/white"
        android:id="@+id/markDone"
        >

    </Button>





    <Button
        android:layout_width="350dp"
        android:layout_height="wrap_content"
        android:background="@drawable/button_purplerounded"
        android:layout_centerHorizontal="true"
        android:layout_marginTop="770dp"
        android:text="Edit Task"
        android:textColor="@color/white"
        android:id="@+id/edit"
        >

    </Button>




</RelativeLayout>