<?xml version="1.0" encoding="utf-8"?>
<RelativeLayout xmlns:android="http://schemas.android.com/apk/res/android"
    xmlns:app="http://schemas.android.com/apk/res-auto"
    xmlns:tools="http://schemas.android.com/tools"
    android:layout_width="match_parent"
    android:layout_height="match_parent"
    android:background="#1B1A1A"
    tools:context=".SearchResults">

    <TextView
        android:layout_width="wrap_content"
        android:layout_height="wrap_content"
        android:text="->   SEARCH RESULTS"
        android:textColor="@color/white"
        android:textStyle="bold"
        android:textSize="26dp"
        android:layout_marginTop="30dp"
        android:layout_marginStart="10dp"
        >

    </TextView>


    <RelativeLayout
        android:layout_width="380dp"
        android:layout_height="100dp"
        android:background="@drawable/rounded_corners"
        android:layout_centerHorizontal="true"
        android:layout_marginTop="100dp"
        >

        <ImageView
            android:layout_width="wrap_content"
            android:layout_height="wrap_content"
            android:src="@drawable/outline_circle_24_white"
            android:layout_marginTop="40dp"
            android:layout_marginStart="20dp"
            >

        </ImageView>

        <TextView
            android:id="@+id/title"
            android:layout_width="wrap_content"
            android:layout_height="wrap_content"
            android:layout_marginTop="15dp"
            android:layout_marginStart="60dp"
            android:text="Do Math Homework"
            android:textColor="@color/white"
            android:textSize="20dp"
            >

        </TextView>

        <TextView
            android:id="@+id/time"
            android:layout_width="wrap_content"
            android:layout_height="wrap_content"
            android:layout_marginTop="60dp"
            android:layout_marginStart="60dp"
            android:text="Today at 08:37"
            android:textColor="#AFAFAF"
            android:textSize="16dp"
            >

        </TextView>

        <RelativeLayout
            android:layout_width="100dp"
            android:layout_height="30dp"
            android:background="@drawable/purple_rounded"
            android:layout_alignParentRight="true"
            android:layout_marginEnd="80dp"
            android:layout_marginTop="55dp"
            >

            <ImageView
                android:layout_width="wrap_content"
                android:layout_height="wrap_content"
                android:src="@drawable/baseline_category_24"
                android:layout_centerVertical="true"
                android:layout_marginStart="10dp"
                >


            </ImageView>


            <TextView
                android:id="@+id/category"
                android:layout_width="wrap_content"
                android:layout_height="wrap_content"
                android:text="Work"
                android:textColor="@color/white"
                android:layout_centerVertical="true"
                android:layout_marginStart="40dp"
                >


            </TextView>



        </RelativeLayout>



        <RelativeLayout
            android:layout_width="60dp"
            android:layout_height="50dp"
            android:background="@drawable/black_rounded"
            android:layout_marginStart="310dp"
            android:layout_marginTop="40dp"
            >

            <ImageView
                android:layout_width="wrap_content"
                android:layout_height="wrap_content"
                android:layout_centerHorizontal="true"
                android:layout_marginTop="5dp"
                android:src="@drawable/outline_flag_24">

            </ImageView>

            <TextView
                android:id="@+id/priority"
                android:layout_width="wrap_content"
                android:layout_height="wrap_content"
                android:text="3"
                android:textColor="@color/white"
                android:layout_centerHorizontal="true"
                android:layout_marginTop="25dp"
                android:textSize="18dp"
                >

            </TextView>


        </RelativeLayout>


    </RelativeLayout>


    <com.google.android.material.bottomnavigation.BottomNavigationView
        android:id="@+id/bottom_navigation"
        android:layout_width="match_parent"
        android:layout_height="80dp"
        android:layout_alignParentBottom="true"
        android:background="#363636"
        app:itemTextColor="#DEFFFFFF"
        app:labelVisibilityMode="labeled"
        app:menu="@menu/nav_menu"
        app:itemIconTint="#DEFFFFFF"

        />

    <com.google.android.material.floatingactionbutton.FloatingActionButton

        app:elevation="8dp"
        android:id="@+id/cam"
        android:layout_width="56dp"
        android:layout_height="60dp"
        app:maxImageSize="45dp"
        android:layout_marginTop="725dp"
        android:layout_marginStart="180dp"
        app:shapeAppearanceOverlay="@style/RoundedFAB"
        android:src="@drawable/outline_add_24"
        android:backgroundTint="#8687E7"

        >

    </com.google.android.material.floatingactionbutton.FloatingActionButton>


</RelativeLayout>