<?xml version="1.0" encoding="utf-8"?>
<RelativeLayout xmlns:android="http://schemas.android.com/apk/res/android"
    xmlns:app="http://schemas.android.com/apk/res-auto"
    xmlns:tools="http://schemas.android.com/tools"
    android:layout_width="match_parent"
    android:layout_height="match_parent"
    android:background="#1B1A1A"
    tools:context=".FocusMode">


    <TextView
        android:layout_width="wrap_content"
        android:layout_height="wrap_content"
        android:text="Focus Mode"
        android:textSize="24dp"
        android:layout_centerHorizontal="true"
        android:textColor="#DEFFFFFF"
        android:layout_marginTop="30dp"
        >

    </TextView>

    <ImageView
        android:layout_width="300dp"
        android:layout_height="300dp"
        android:src="@drawable/outline_circle_24"
        android:layout_centerHorizontal="true"
        android:layout_marginTop="90dp"

        >
    </ImageView>

    <TextView
        android:layout_width="wrap_content"
        android:layout_height="wrap_content"
        android:text="00:00"
        android:textColor="@color/white"
        android:textSize="50dp"
        android:layout_centerHorizontal="true"
        android:layout_marginTop="200dp"
        >
    </TextView>

    <Button
        android:layout_width="200dp"
        android:layout_height="50dp"
        android:text="Toggle Focus"
        android:layout_centerHorizontal="true"
        android:layout_marginTop="420dp"
        android:background="@drawable/button_purplerounded"
        android:textColor="@color/white"
        >

    </Button>


    <LinearLayout
        android:layout_width="match_parent"
        android:layout_height="wrap_content"
        android:layout_marginTop="520dp"
        android:orientation="vertical"
        >

        <TextView
            android:layout_width="wrap_content"
            android:layout_height="wrap_content"
            android:text="Social Media"
            android:textSize="20dp"
            android:textColor="#DEFFFFFF"
            android:layout_marginStart="30dp"
            >

        </TextView>
        
        <RelativeLayout
            android:layout_width="350dp"
            android:layout_height="50dp"
            android:background="#4C4C4C"
            android:layout_marginTop="20dp"
            android:layout_gravity="center_horizontal"
            >

            <ImageView
                android:layout_width="40dp"
                android:layout_height="40dp"
                android:src="@drawable/baseline_perm_media_24"
                android:layout_centerVertical="true"
                android:layout_marginStart="20dp"
                >


            </ImageView>
            
            <TextView
                android:layout_width="wrap_content"
                android:layout_height="wrap_content"
                android:text="Instagram"
                android:textColor="#DEFFFFFF"
                android:layout_centerVertical="true"
                android:layout_marginStart="80dp"
                android:textSize="20dp"
                android:textStyle="bold"
                >

            </TextView>

            <TextView
                android:layout_width="wrap_content"
                android:layout_height="wrap_content"
                android:text="|"
                android:textColor="#DEFFFFFF"
                android:layout_centerVertical="true"
                android:layout_marginStart="280dp"
                android:textSize="30dp"
                >

            </TextView>

            <ImageView
                android:layout_width="wrap_content"
                android:layout_height="wrap_content"
                android:src="@drawable/outline_info_24"
                android:layout_centerVertical="true"
                android:layout_marginStart="305dp"
                >


            </ImageView>

        </RelativeLayout>

        <RelativeLayout
            android:layout_width="350dp"
            android:layout_height="50dp"
            android:background="#4C4C4C"
            android:layout_marginTop="20dp"
            android:layout_gravity="center_horizontal"
            >

            <ImageView
                android:layout_width="40dp"
                android:layout_height="40dp"
                android:src="@drawable/baseline_perm_media_24"
                android:layout_centerVertical="true"
                android:layout_marginStart="20dp"
                >


            </ImageView>

            <TextView
                android:layout_width="wrap_content"
                android:layout_height="wrap_content"
                android:text="Facebook"
                android:textColor="#DEFFFFFF"
                android:layout_centerVertical="true"
                android:layout_marginStart="80dp"
                android:textSize="20dp"
                android:textStyle="bold"
                >

            </TextView>

            <TextView
                android:layout_width="wrap_content"
                android:layout_height="wrap_content"
                android:text="|"
                android:textColor="#DEFFFFFF"
                android:layout_centerVertical="true"
                android:layout_marginStart="280dp"
                android:textSize="30dp"
                >

            </TextView>

            <ImageView
                android:layout_width="wrap_content"
                android:layout_height="wrap_content"
                android:src="@drawable/outline_info_24"
                android:layout_centerVertical="true"
                android:layout_marginStart="305dp"
                >


            </ImageView>

        </RelativeLayout>

        <RelativeLayout
            android:layout_width="350dp"
            android:layout_height="50dp"
            android:background="#4C4C4C"
            android:layout_marginTop="20dp"
            android:layout_gravity="center_horizontal"
            >

            <ImageView
                android:layout_width="40dp"
                android:layout_height="40dp"
                android:src="@drawable/baseline_perm_media_24"
                android:layout_centerVertical="true"
                android:layout_marginStart="20dp"
                >


            </ImageView>

            <TextView
                android:layout_width="wrap_content"
                android:layout_height="wrap_content"
                android:text="Twitter"
                android:textColor="#DEFFFFFF"
                android:layout_centerVertical="true"
                android:layout_marginStart="80dp"
                android:textSize="20dp"
                android:textStyle="bold"
                >

            </TextView>

            <TextView
                android:layout_width="wrap_content"
                android:layout_height="wrap_content"
                android:text="|"
                android:textColor="#DEFFFFFF"
                android:layout_centerVertical="true"
                android:layout_marginStart="280dp"
                android:textSize="30dp"
                >

            </TextView>

            <ImageView
                android:layout_width="wrap_content"
                android:layout_height="wrap_content"
                android:src="@drawable/outline_info_24"
                android:layout_centerVertical="true"
                android:layout_marginStart="305dp"
                >


            </ImageView>

        </RelativeLayout>



    </LinearLayout>








</RelativeLayout>