<?xml version="1.0" encoding="utf-8"?>
<RelativeLayout xmlns:android="http://schemas.android.com/apk/res/android"
    xmlns:tools="http://schemas.android.com/tools"
    android:layout_width="match_parent"
    android:layout_height="match_parent"
    android:background="#1B1A1A"
    tools:context=".fragments.CalenderFragment">


    <TextView
        android:layout_width="wrap_content"
        android:layout_height="wrap_content"
        android:text="Calender"
        android:textColor="#DEFFFFFF"
        android:layout_centerHorizontal="true"
        android:layout_marginTop="30dp"
        android:textSize="20dp"
        >

    </TextView>

    <CalendarView
        android:id="@+id/calenderView"
        android:layout_width="395dp"
        android:layout_height="wrap_content"
        android:layout_marginTop="70dp"
        android:background="@drawable/outline_purplr"
        android:layout_centerHorizontal="true"
        android:dateTextAppearance="@style/CustomDateTextAppearance"
        android:weekDayTextAppearance="@style/CustomDateTextAppearance2"
        >

    </CalendarView>

    <RelativeLayout
        android:layout_width="380dp"
        android:layout_height="70dp"
        android:layout_marginTop="430dp"
        android:background="@drawable/rounded_corners"
        android:layout_centerHorizontal="true"

        >


        <RelativeLayout
            android:layout_width="120dp"
            android:layout_height="40dp"
            android:background="@drawable/purple_rounded"
            android:layout_centerVertical="true"
            android:layout_marginStart="30dp"

            >

            <TextView
                android:layout_width="wrap_content"
                android:layout_height="wrap_content"
                android:text="Today"
                android:textColor="@color/white"
                android:layout_centerInParent="true"
                android:textSize="18dp"
                >

            </TextView>

        </RelativeLayout>



        <RelativeLayout
            android:layout_width="120dp"
            android:layout_height="40dp"
            android:layout_centerVertical="true"
            android:layout_alignParentRight="true"
            android:layout_marginEnd="30dp"
            android:background="@drawable/white_outline"
            >

            <TextView
                android:id="@+id/comp"
                android:layout_width="wrap_content"
                android:layout_height="wrap_content"
                android:layout_centerInParent="true"
                android:text="Completed"
                android:textColor="@color/white"
                android:textSize="18dp">

            </TextView>

        </RelativeLayout>


    </RelativeLayout>

    <androidx.recyclerview.widget.RecyclerView

        android:layout_marginTop="510dp"
        android:layout_width="match_parent"
        android:layout_height="wrap_content"
        android:id="@+id/recyclerView"

        >

    </androidx.recyclerview.widget.RecyclerView>



</RelativeLayout>