{
  "project_info": {
    "project_number": "1030496473977",
    "project_id": "trackease-e2362",
    "storage_bucket": "trackease-e2362.appspot.com"
  },
  "client": [
    {
      "client_info": {
        "mobilesdk_app_id": "1:1030496473977:android:359d3474e1c27067bc15a8",
        "android_client_info": {
          "package_name": "com.example.trackease"
        }
      },
      "oauth_client": [],
      "api_key": [
        {
          "current_key": "AIzaSyBXbsiZy-NCY1C9ylzg1-3D1u6bqUgvyKU"
        }
      ],
      "services": {
        "appinvite_service": {
          "other_platform_oauth_client": []
        }
      }
    }
  ],
  "configuration_version": "1"
}